CultureType,Culture,CivilizationType
Culture,NorthAfrican,CIVILIZATION_EGYPT
Culture,NorthAfrican,CIVILIZATION_SUMERIA
Culture,NorthAfrican,CIVILIZATION_CARTHAGE
Culture,SouthAmerican,CIVILIZATION_AZTEC
Culture,SouthAmerican,CIVILIZATION_LA_VENTA
Culture,Mughal,CIVILIZATION_ARABIA
Culture,Mughal,CIVILIZATION_INDIA
Culture,Mughal,CIVILIZATION_SCYTHIA
Culture,Mughal,CIVILIZATION_KABUL
Culture,Mughal,CIVILIZATION_KANDY
Culture,Mughal,CIVILIZATION_MOHENJO_DARO
Culture,EastAsian,CIVILIZATION_JAPAN
Culture,EastAsian,CIVILIZATION_HONG_KONG
Culture,EastAsian,CIVILIZATION_SEOUL
Culture,SouthAfrican,CIVILIZATION_KONGO
Culture,SouthAfrican,CIVILIZATION_KUMASI
Culture,SouthAfrican,CIVILIZATION_ZANZIBAR
Culture,SouthAfrican,CIVILIZATION_LISBON
Culture,Mediterranean,CIVILIZATION_GREECE
Culture,Mediterranean,CIVILIZATION_ROME
Culture,Mediterranean,CIVILIZATION_HATTUSA
Culture,Mediterranean,CIVILIZATION_JERUSALEM
Culture,Mediterranean,CIVILIZATION_GENEVA
Culture,Mediterranean,CIVILIZATION_PRESLAV
Culture,Mediterranean,CIVILIZATION_VALLETTA
Culture,SoutheastAsian,CIVILIZATION_CHINA
Culture,SoutheastAsian,CIVILIZATION_NAN_MADOL
Culture,AncientBrick,CIVILIZATION_SUMERIA
Culture,AncientBrick,CIVILIZATION_INDIA
Culture,AncientBrick,CIVILIZATION_EGYPT
Culture,AncientBrick,CIVILIZATION_AZTEC
Culture,AncientBrick,CIVILIZATION_ROME
Culture,AncientBrick,CIVILIZATION_ARABIA
Culture,AncientBrick,CIVILIZATION_GREECE
Culture,AncientBrick,CIVILIZATION_HATTUSA
Culture,AncientBrick,CIVILIZATION_JERUSALEM
Culture,AncientBrick,CIVILIZATION_GENEVA
Culture,AncientBrick,CIVILIZATION_PRESLAV
Culture,AncientBrick,CIVILIZATION_VALLETTA
Culture,AncientBrick,CIVILIZATION_KABUL
Culture,AncientBrick,CIVILIZATION_KANDY
Culture,AncientBrick,CIVILIZATION_MOHENJO_DARO
Culture,AncientBrick,CIVILIZATION_CARTHAGE
Culture,AncientBrick,CIVILIZATION_SPAIN
Culture,AncientBrick,CIVILIZATION_BRAZIL
Culture,AncientBrick,CIVILIZATION_BUENOS_AIRES
Culture,AncientEarth,CIVILIZATION_KONGO
Culture,AncientEarth,CIVILIZATION_ZANZIBAR
Culture,AncientEarth,CIVILIZATION_FRANCE
Culture,AncientEarth,CIVILIZATION_SCYTHIA
Culture,AncientEarth,CIVILIZATION_GERMANY
Culture,AncientEarth,CIVILIZATION_RUSSIA
Culture,AncientEarth,CIVILIZATION_YEREVAN
Culture,AncientEarth,CIVILIZATION_AMSTERDAM
Culture,AncientEarth,CIVILIZATION_BRUSSELS
Culture,AncientEarth,CIVILIZATION_STOCKHOLM
Culture,AncientEarth,CIVILIZATION_VILNIUS
Culture,AncientEarth,CIVILIZATION_KUMASI
Culture,AncientEarth,CIVILIZATION_LISBON
Culture,America,CIVILIZATION_AMERICA
Culture,America,CIVILIZATION_TORONTO
Culture,ModernGlass,CIVILIZATION_ARABIA
Culture,ModernGlass,CIVILIZATION_CHINA
Culture,ModernGlass,CIVILIZATION_ENGLAND
Culture,ModernGlass,CIVILIZATION_GERMANY
Culture,ModernGlass,CIVILIZATION_INDIA
Culture,ModernGlass,CIVILIZATION_JAPAN
Culture,ModernGlass,CIVILIZATION_SPAIN
Culture,ModernGlass,CIVILIZATION_HONG_KONG
Culture,ModernGlass,CIVILIZATION_SEOUL
Culture,ModernGlass,CIVILIZATION_JAKARTA
Culture,ModernGlass,CIVILIZATION_NAN_MADOL
Culture,Colonial,CIVILIZATION_SPAIN
Culture,Colonial,CIVILIZATION_AZTEC
Culture,Colonial,CIVILIZATION_BRAZIL
Culture,Colonial,CIVILIZATION_KANDY
Culture,Colonial,CIVILIZATION_MOHENJO_DARO
Culture,Colonial,CIVILIZATION_BUENOS_AIRES
Culture,Colonial,CIVILIZATION_LA_VENTA
Culture,Colonial,CIVILIZATION_KUMASI
Culture,Colonial,CIVILIZATION_ZANZIBAR
Culture,Colonial,CIVILIZATION_JAKARTA
Culture,Colonial,CIVILIZATION_LISBON
Culture,Colonial,CIVILIZATION_BUENOS_AIRES
Culture,AncientWood,CIVILIZATION_AMERICA
Culture,AncientWood,CIVILIZATION_CHINA
Culture,AncientWood,CIVILIZATION_ENGLAND
Culture,AncientWood,CIVILIZATION_JAPAN
Culture,AncientWood,CIVILIZATION_NAN_MADOL
Culture,AncientWood,CIVILIZATION_NORWAY
Culture,AncientWood,CIVILIZATION_TORONTO
Culture,AncientWood,CIVILIZATION_HONG_KONG
Culture,AncientWood,CIVILIZATION_SEOUL
Culture,AncientWood,CIVILIZATION_LA_VENTA
Culture,AncientWood,CIVILIZATION_JAKARTA
Culture,Indonesian,CIVILIZATION_JAKARTA
Culture,Baltic,CIVILIZATION_RUSSIA
Culture,Baltic,CIVILIZATION_YEREVAN
Culture,Baltic,CIVILIZATION_VILNIUS
Culture,RowHouse,CIVILIZATION_EGYPT
Culture,RowHouse,CIVILIZATION_ARABIA
Culture,RowHouse,CIVILIZATION_SUMERIA
Culture,RowHouse,CIVILIZATION_KONGO
Culture,RowHouse,CIVILIZATION_INDIA
Culture,RowHouse,CIVILIZATION_SCYTHIA
Culture,RowHouse,CIVILIZATION_KABUL
Culture,RowHouse,CIVILIZATION_RUSSIA
Culture,RowHouse,CIVILIZATION_CARTHAGE
Culture,Scottish,CIVILIZATION_ENGLAND
Culture,Scottish,CIVILIZATION_BRUSSELS
Culture,Brazil,CIVILIZATION_BRAZIL
Culture,Brazil,CIVILIZATION_SPAIN
Culture,Brazil,CIVILIZATION_BUENOS_AIRES
UnitCulture,Asian,CIVILIZATION_JAPAN
UnitCulture,Asian,CIVILIZATION_CHINA
UnitCulture,Asian,CIVILIZATION_SEOUL
UnitCulture,Asian,CIVILIZATION_HONG_KONG
UnitCulture,Mediterranean,CIVILIZATION_GREECE
UnitCulture,Mediterranean,CIVILIZATION_ROME
UnitCulture,Mediterranean,CIVILIZATION_SCYTHIA
UnitCulture,Mediterranean,CIVILIZATION_BUENOS_AIRES
UnitCulture,Mediterranean,CIVILIZATION_CARTHAGE
UnitCulture,Mediterranean,CIVILIZATION_LISBON
UnitCulture,Mediterranean,CIVILIZATION_VALLETTA
UnitCulture,Mediterranean,CIVILIZATION_YEREVAN
UnitCulture,Mediterranean,CIVILIZATION_BRAZIL
UnitCulture,Mediterranean,CIVILIZATION_BUENOS_AIRES
UnitCulture,MiddleEastern,CIVILIZATION_ARABIA
UnitCulture,MiddleEastern,CIVILIZATION_SUMERIA
UnitCulture,MiddleEastern,CIVILIZATION_KABUL
UnitCulture,MiddleEastern,CIVILIZATION_HATTUSA
UnitCulture,MiddleEastern,CIVILIZATION_JERUSALEM
UnitCulture,MiddleEastern,CIVILIZATION_EGYPT
UnitCulture,European,CIVILIZATION_AMERICA
UnitCulture,European,CIVILIZATION_ENGLAND
UnitCulture,European,CIVILIZATION_FRANCE
UnitCulture,European,CIVILIZATION_GERMANY
UnitCulture,European,CIVILIZATION_SPAIN
UnitCulture,European,CIVILIZATION_RUSSIA
UnitCulture,European,CIVILIZATION_NORWAY
UnitCulture,European,CIVILIZATION_AMSTERDAM
UnitCulture,European,CIVILIZATION_BRUSSELS
UnitCulture,European,CIVILIZATION_PRESLAV
UnitCulture,European,CIVILIZATION_STOCKHOLM
UnitCulture,European,CIVILIZATION_TORONTO
UnitCulture,European,CIVILIZATION_VILNIUS
UnitCulture,European,CIVILIZATION_GENEVA
UnitCulture,African,CIVILIZATION_KONGO
UnitCulture,African,CIVILIZATION_KUMASI
UnitCulture,African,CIVILIZATION_ZANZIBAR
UnitCulture,SouthAmerican,CIVILIZATION_AZTEC
UnitCulture,SouthAmerican,CIVILIZATION_LA_VENTA
UnitCulture,Barbarian,CIVILIZATION_BARBARIAN
UnitCulture,Indian,CIVILIZATION_INDIA
UnitCulture,Indian,CIVILIZATION_MOHENJO_DARO
UnitCulture,Indian,CIVILIZATION_KANDY
UnitCulture,Maori,CIVILIZATION_NAN_MADOL
UnitCulture,SouthEastAsian,CIVILIZATION_JAKARTA
Culture,AncientEarth,CIVILIZATION_SCOTLAND
Culture,AncientEarth,CIVILIZATION_NETHERLANDS
Culture,AncientEarth,CIVILIZATION_ZULU
Culture,AncientEarth,CIVILIZATION_GEORGIA
Culture,AncientWood,CIVILIZATION_KOREA
Culture,AncientWood,CIVILIZATION_MONGOLIA
Culture,SoutheastAsian,CIVILIZATION_MONGOLIA
Culture,SouthAfrican,CIVILIZATION_ZULU
Culture,ModernGlass,CIVILIZATION_KOREA
Culture,Mediterranean,CIVILIZATION_ANTIOCH
Culture,Colonial,CIVILIZATION_MAPUCHE
Culture,Colonial,CIVILIZATION_ANTIOCH
Culture,RowHouse,CIVILIZATION_ZULU
Culture,RowHouse,CIVILIZATION_GEORGIA
Culture,RowHouse,CIVILIZATION_BABYLON
Culture,Scottish,CIVILIZATION_SCOTLAND
Culture,Scottish,CIVILIZATION_NETHERLANDS
Culture,Baltic,CIVILIZATION_GEORGIA
Culture,Mughal,CIVILIZATION_BABYLON
Culture,AncientBrick,CIVILIZATION_BABYLON
Culture,AncientBrick,CIVILIZATION_ANTIOCH
UnitCulture,European,CIVILIZATION_NETHERLANDS
UnitCulture,European,CIVILIZATION_SCOTLAND
UnitCulture,MiddleEastern,CIVILIZATION_BABYLON
UnitCulture,MiddleEastern,CIVILIZATION_ANTIOCH
UnitCulture,SouthAmerican,CIVILIZATION_MAPUCHE
UnitCulture,African,CIVILIZATION_ZULU
UnitCulture,African,CIVILIZATION_NUBIA
UnitCulture,Asian,CIVILIZATION_KOREA
UnitCulture,Asian,CIVILIZATION_MONGOLIA
UnitCulture,Barbarian,CIVILIZATION_BARBARIAN
UnitCulture,Mediterranean,CIVILIZATION_GEORGIA
UnitCulture,Mediterranean,CIVILIZATION_ANTIOCH
UnitCulture,NativeAmerican,CIVILIZATION_CREE
Culture,AncientEarth,CIVILIZATION_AUSTRALIA
Culture,NorthernEuropean,CIVILIZATION_AUSTRALIA
Culture,ModernGlass,CIVILIZATION_AUSTRALIA
UnitCulture,European,CIVILIZATION_AUSTRALIA
Culture,Colonial,CIVILIZATION_GRAN_COLOMBIA
Culture,Colonial,CIVILIZATION_CAGUANA
Culture,Colonial,CIVILIZATION_MAYA
Culture,Colonial,CIVILIZATION_HUNZA
Culture,AncientBrick,CIVILIZATION_GRAN_COLOMBIA
Culture,AncientBrick,CIVILIZATION_MAYA
Culture,AncientBrick,CIVILIZATION_CAGUANA
Culture,AncientBrick,CIVILIZATION_LAHORE
Culture,AncientBrick,CIVILIZATION_HUNZA
Culture,AncientBrick,CIVILIZATION_VATICAN_CITY
Culture,Brazil,CIVILIZATION_GRAN_COLOMBIA
Culture,SouthAmerican,CIVILIZATION_CAGUANA
Culture,SouthAmerican,CIVILIZATION_HUNZA
Culture,Mughal,CIVILIZATION_LAHORE
Culture,Mediterranean,CIVILIZATION_VATICAN_CITY
Culture,ModernGlass,CIVILIZATION_SINGAPORE
Culture,Indonesian,CIVILIZATION_SINGAPORE
Culture,AncientWood,CIVILIZATION_SINGAPORE
Culture,RowHouse,CIVILIZATION_LAHORE
Culture,RowHouse,CIVILIZATION_TARUGA
Culture,AncientEarth,CIVILIZATION_TARUGA
Culture,SouthAfrican,CIVILIZATION_TARUGA
UnitCulture,SouthAmerican,CIVILIZATION_MAYA
UnitCulture,SouthAmerican,CIVILIZATION_CAGUANA
UnitCulture,SouthAmerican,CIVILIZATION_GRAN_COLOMBIA
UnitCulture,Mediterranean,CIVILIZATION_GRAN_COLOMBIA
UnitCulture,Mediterranean,CIVILIZATION_VATICAN_CITY
UnitCulture,MiddleEastern,CIVILIZATION_HUNZA
UnitCulture,MiddleEastern,CIVILIZATION_LAHORE
UnitCulture,African,CIVILIZATION_TARUGA
UnitCulture,SouthEastAsian,CIVILIZATION_SINGAPORE
Culture,ModernGlass,CIVILIZATION_PORTUGAL
Culture,AncientBrick,CIVILIZATION_PORTUGAL
Culture,Colonial,CIVILIZATION_PORTUGAL
UnitCulture,Mediterranean,CIVILIZATION_PORTUGAL
Culture,AncientWood,CIVILIZATION_VIETNAM
Culture,ModernGlass,CIVILIZATION_VIETNAM
UnitCulture,Asian,CIVILIZATION_VIETNAM
Culture,AncientBrick,CIVILIZATION_BABYLON_STK
Culture,AncientBrick,CIVILIZATION_NALANDA
Culture,AncientBrick,CIVILIZATION_SAMARKAND
Culture,NorthAfrican,CIVILIZATION_BABYLON_STK
Culture,RowHouse,CIVILIZATION_BABYLON_STK
Culture,RowHouse,CIVILIZATION_CHINGUETTI
Culture,RowHouse,CIVILIZATION_NALANDA
Culture,RowHouse,CIVILIZATION_SAMARKAND
Culture,RowHouse,CIVILIZATION_WOLIN
Culture,AncientEarth,CIVILIZATION_CHINGUETTI
Culture,AncientEarth,CIVILIZATION_JOHANNESBURG
Culture,AncientEarth,CIVILIZATION_WOLIN
Culture,SouthAfrican,CIVILIZATION_CHINGUETTI
Culture,SouthAfrican,CIVILIZATION_JOHANNESBURG
Culture,Colonial,CIVILIZATION_JOHANNESBURG
Culture,Colonial,CIVILIZATION_AYUTTHAYA
Culture,ModernGlass,CIVILIZATION_NALANDA
Culture,ModernGlass,CIVILIZATION_SAMARKAND
Culture,Mughal,CIVILIZATION_NALANDA
Culture,Mughal,CIVILIZATION_SAMARKAND
Culture,AncientWood,CIVILIZATION_AYUTTHAYA
Culture,Indonesian,CIVILIZATION_AYUTTHAYA
Culture,Baltic,CIVILIZATION_WOLIN
UnitCulture,MiddleEastern,CIVILIZATION_BABYLON_STK
UnitCulture,MiddleEastern,CIVILIZATION_SAMARKAND
UnitCulture,African,CIVILIZATION_CHINGUETTI
UnitCulture,African,CIVILIZATION_JOHANNESBURG
UnitCulture,Indian,CIVILIZATION_NALANDA
UnitCulture,European,CIVILIZATION_WOLIN
UnitCulture,SouthEastAsian,CIVILIZATION_AYUTTHAYA
Culture,AncientBrick,CIVILIZATION_MACEDON
Culture,AncientBrick,CIVILIZATION_PERSIA
Culture,AncientBrick,CIVILIZATION_ATHENS
Culture,AncientBrick,CIVILIZATION_MARAKANDA
Culture,AncientBrick,CIVILIZATION_PATALA
Culture,Mediterranean,CIVILIZATION_MACEDON
Culture,Mediterranean,CIVILIZATION_ATHENS
Culture,RowHouse,CIVILIZATION_PERSIA
Culture,RowHouse,CIVILIZATION_PATALA
Culture,RowHouse,CIVILIZATION_MARAKANDA
Culture,ModernGlass,CIVILIZATION_PERSIA
Culture,Mughal,CIVILIZATION_PERSIA
Culture,Mughal,CIVILIZATION_MARAKANDA
Culture,Mughal,CIVILIZATION_PATALA
Culture,Colonial,CIVILIZATION_MACEDON
Culture,Colonial,CIVILIZATION_ATHENS
UnitCulture,MiddleEastern,CIVILIZATION_PERSIA
UnitCulture,MiddleEastern,CIVILIZATION_MARAKANDA
UnitCulture,MiddleEastern,CIVILIZATION_PATALA
UnitCulture,Mediterranean,CIVILIZATION_MACEDON
UnitCulture,Mediterranean,CIVILIZATION_ATHENS
Culture,AncientBrick,CIVILIZATION_BYZANTIUM
Culture,Mediterranean,CIVILIZATION_BYZANTIUM
Culture,CIVILIZATION_GAUL,CIVILIZATION_GAUL
Culture,AncientEarth,CIVILIZATION_GAUL
UnitCulture,European,CIVILIZATION_BYZANTIUM
UnitCulture,European,CIVILIZATION_GAUL
Culture,America,CIVILIZATION_CANADA
Culture,AncientWood,CIVILIZATION_CANADA
Culture,AncientWood,CIVILIZATION_SWEDEN
Culture,AncientWood,CIVILIZATION_CARDIFF
Culture,AncientWood,CIVILIZATION_MEXICO_CITY
Culture,AncientWood,CIVILIZATION_NAZCA
Culture,AncientWood,CIVILIZATION_RAPA_NUI
Culture,AncientEarth,CIVILIZATION_HUNGARY
Culture,AncientEarth,CIVILIZATION_MALI
Culture,Baltic,CIVILIZATION_HUNGARY
Culture,SouthAmerican,CIVILIZATION_INCA
Culture,SouthAmerican,CIVILIZATION_MEXICO_CITY
Culture,SouthAmerican,CIVILIZATION_NAZCA
Culture,Colonial,CIVILIZATION_INCA
Culture,Colonial,CIVILIZATION_MAORI
Culture,Colonial,CIVILIZATION_MEXICO_CITY
Culture,Colonial,CIVILIZATION_NAZCA
Culture,Colonial,CIVILIZATION_RAPA_NUI
Culture,NorthAfrican,CIVILIZATION_PHOENICIA
Culture,NorthAfrican,CIVILIZATION_AKKAD
Culture,NorthAfrican,CIVILIZATION_FEZ
Culture,NorthAfrican,CIVILIZATION_NGAZARGAMU
Culture,RowHouse,CIVILIZATION_MALI
Culture,RowHouse,CIVILIZATION_OTTOMAN
Culture,RowHouse,CIVILIZATION_PHOENICIA
Culture,RowHouse,CIVILIZATION_AKKAD
Culture,RowHouse,CIVILIZATION_FEZ
Culture,RowHouse,CIVILIZATION_NGAZARGAMU
Culture,Maori,CIVILIZATION_MAORI
Culture,ModernGlass,CIVILIZATION_MAORI
Culture,ModernGlass,CIVILIZATION_OTTOMAN
Culture,ModernGlass,CIVILIZATION_RAPA_NUI
Culture,Mughal,CIVILIZATION_OTTOMAN
Culture,AncientBrick,CIVILIZATION_OTTOMAN
Culture,AncientBrick,CIVILIZATION_PHOENICIA
Culture,AncientBrick,CIVILIZATION_AKKAD
Culture,AncientBrick,CIVILIZATION_BOLOGNA
Culture,AncientBrick,CIVILIZATION_FEZ
Culture,AncientBrick,CIVILIZATION_NGAZARGAMU
Culture,AncientBrick,CIVILIZATION_INCA
Culture,Mediterranean,CIVILIZATION_BOLOGNA
Culture,Scottish,CIVILIZATION_CARDIFF
Culture,Indonesian,CIVILIZATION_RAPA_NUI
Culture,SouthAfrican,CIVILIZATION_MALI
UnitCulture,African,CIVILIZATION_MALI
UnitCulture,African,CIVILIZATION_NGAZARGAMU
UnitCulture,European,CIVILIZATION_SWEDEN
UnitCulture,European,CIVILIZATION_CANADA
UnitCulture,European,CIVILIZATION_CARDIFF
UnitCulture,European,CIVILIZATION_HUNGARY
UnitCulture,Maori,CIVILIZATION_MAORI
UnitCulture,Maori,CIVILIZATION_RAPA_NUI
UnitCulture,Mediterranean,CIVILIZATION_PHOENICIA
UnitCulture,Mediterranean,CIVILIZATION_BOLOGNA
UnitCulture,MiddleEastern,CIVILIZATION_AKKAD
UnitCulture,MiddleEastern,CIVILIZATION_FEZ
UnitCulture,MiddleEastern,CIVILIZATION_OTTOMAN
UnitCulture,NativeAmerican,CIVILIZATION_CAHOKIA
UnitCulture,SouthAmerican,CIVILIZATION_INCA
UnitCulture,SouthAmerican,CIVILIZATION_MEXICO_CITY
UnitCulture,SouthAmerican,CIVILIZATION_NAZCA
Culture,AncientWood,CIVILIZATION_TUFAN
Culture,AncientWood,CIVILIZATION_KHOTAN
Culture,AncientWood,CIVILIZATION_DALI
Culture,AncientWood,CIVILIZATION_GAOCHANG
Culture,AncientWood,CIVILIZATION_KASHGAR
Culture,AncientWood,CIVILIZATION_KUCHA
Culture,AncientWood,CIVILIZATION_TURPAN
Culture,AncientWood,CIVILIZATION_XINGQING
Culture,AncientWood,CIVILIZATION_ZHONGJING
Culture,AncientWood,CIVILIZATION_KAESONG
Culture,AncientWood,CIVILIZATION_INDONESIA
Culture,AncientWood,CIVILIZATION_KHMER
Culture,AncientWood,CIVILIZATION_LAMPHUN
Culture,AncientWood,CIVILIZATION_LAMURI
Culture,AncientWood,CIVILIZATION_MALABANG
Culture,AncientWood,CIVILIZATION_PAGAN
Culture,AncientWood,CIVILIZATION_PALEMBANG
Culture,AncientWood,CIVILIZATION_THANG_LONG
Culture,AncientWood,CIVILIZATION_TEMASEK
Culture,AncientWood,CIVILIZATION_TONDO
Culture,AncientWood,CIVILIZATION_VIJAYA
Culture,AncientWood,CIVILIZATION_HEIAN
Culture,EastAsian,CIVILIZATION_HEIAN
Culture,Mughal,CIVILIZATION_CHOLA
Culture,Mughal,CIVILIZATION_PALA
Culture,Mughal,CIVILIZATION_GHAZNAVID
Culture,Mughal,CIVILIZATION_DELHI
Culture,Mughal,CIVILIZATION_GOA
Culture,Mughal,CIVILIZATION_SAMARKAND
Culture,Mughal,CIVILIZATION_SOMNATH
Culture,Mughal,CIVILIZATION_UJJAIN
Culture,Colonial,CIVILIZATION_INDONESIA
Culture,Colonial,CIVILIZATION_KHMER
Culture,Colonial,CIVILIZATION_LAMPHUN
Culture,Colonial,CIVILIZATION_LAMURI
Culture,Colonial,CIVILIZATION_MALABANG
Culture,Colonial,CIVILIZATION_PAGAN
Culture,Colonial,CIVILIZATION_PALEMBANG
Culture,Colonial,CIVILIZATION_THANG_LONG
Culture,Colonial,CIVILIZATION_TEMASEK
Culture,Colonial,CIVILIZATION_TONDO
Culture,Colonial,CIVILIZATION_VIJAYA
Culture,SoutheastAsian,CIVILIZATION_TUFAN
Culture,SoutheastAsian,CIVILIZATION_KHOTAN
Culture,SoutheastAsian,CIVILIZATION_DALI
Culture,SoutheastAsian,CIVILIZATION_GAOCHANG
Culture,SoutheastAsian,CIVILIZATION_KASHGAR
Culture,SoutheastAsian,CIVILIZATION_KUCHA
Culture,SoutheastAsian,CIVILIZATION_TURPAN
Culture,SoutheastAsian,CIVILIZATION_XINGQING
Culture,SoutheastAsian,CIVILIZATION_ZHONGJING
Culture,SoutheastAsian,CIVILIZATION_KAESONG
Culture,Indonesian,CIVILIZATION_INDONESIA
Culture,Indonesian,CIVILIZATION_KHMER
Culture,Indonesian,CIVILIZATION_LAMPHUN
Culture,Indonesian,CIVILIZATION_LAMURI
Culture,Indonesian,CIVILIZATION_MALABANG
Culture,Indonesian,CIVILIZATION_PAGAN
Culture,Indonesian,CIVILIZATION_PALEMBANG
Culture,Indonesian,CIVILIZATION_THANG_LONG
Culture,Indonesian,CIVILIZATION_TEMASEK
Culture,Indonesian,CIVILIZATION_TONDO
Culture,Indonesian,CIVILIZATION_VIJAYA
Culture,AncientBrick,CIVILIZATION_DELHI
Culture,AncientBrick,CIVILIZATION_CHOLA
Culture,AncientBrick,CIVILIZATION_PALA
Culture,AncientBrick,CIVILIZATION_GHAZNAVID
Culture,AncientBrick,CIVILIZATION_GOA
Culture,AncientBrick,CIVILIZATION_SAMARKAND
Culture,AncientBrick,CIVILIZATION_SOMNATH
Culture,AncientBrick,CIVILIZATION_UJJAIN
UnitCulture,Asian,CIVILIZATION_HEIAN
UnitCulture,Asian,CIVILIZATION_LAMPHUN
UnitCulture,Asian,CIVILIZATION_MALABANG
UnitCulture,Asian,CIVILIZATION_PALEMBANG
UnitCulture,Asian,CIVILIZATION_THANG_LONG
UnitCulture,Asian,CIVILIZATION_TEMASEK
UnitCulture,Asian,CIVILIZATION_TONDO
UnitCulture,Asian,CIVILIZATION_VIJAYA
UnitCulture,Asian,CIVILIZATION_DALI
UnitCulture,Asian,CIVILIZATION_GAOCHANG
UnitCulture,Asian,CIVILIZATION_JAKARTA
UnitCulture,Asian,CIVILIZATION_KAESONG
UnitCulture,Asian,CIVILIZATION_KUCHA
UnitCulture,Asian,CIVILIZATION_SOMNATH
UnitCulture,Asian,CIVILIZATION_TURPAN
UnitCulture,Asian,CIVILIZATION_XINGQING
UnitCulture,Asian,CIVILIZATION_ZHONGJING
UnitCulture,MiddleEastern,CIVILIZATION_PAGAN
UnitCulture,MiddleEastern,CIVILIZATION_LAMURI
UnitCulture,MiddleEastern,CIVILIZATION_SAMARKAND
UnitCulture,MiddleEastern,CIVILIZATION_UJJAIN
UnitCulture,MiddleEastern,CIVILIZATION_KHOTAN
UnitCulture,MiddleEastern,CIVILIZATION_KASHGAR
UnitCulture,MiddleEastern,CIVILIZATION_GOA
UnitCulture,MiddleEastern,CIVILIZATION_DELHI
UnitCulture,MiddleEastern,CIVILIZATION_PALA
UnitCulture,MiddleEastern,CIVILIZATION_KHMER
UnitCulture,MiddleEastern,CIVILIZATION_CHOLA
UnitCulture,MiddleEastern,CIVILIZATION_GHAZNAVID
UnitCulture,MiddleEastern,CIVILIZATION_TUFAN
UnitCulture,SouthEastAsian,CIVILIZATION_INDONESIA
Culture,AncientBrick,CIVILIZATION_NUBIA
Culture,AncientBrick,CIVILIZATION_SERABIT_EL_KHADIM
Culture,AncientBrick,CIVILIZATION_ON
Culture,AncientBrick,CIVILIZATION_IHNASIYA
Culture,AncientBrick,CIVILIZATION_THINIS
Culture,AncientBrick,CIVILIZATION_NEKHEN
Culture,AncientBrick,CIVILIZATION_ASHMUNEIN
Culture,AncientBrick,CIVILIZATION_BAHARIYA
Culture,AncientBrick,CIVILIZATION_DAKHLA
Culture,AncientBrick,CIVILIZATION_KHARGA
Culture,AncientBrick,CIVILIZATION_BYBLOS
Culture,AncientBrick,CIVILIZATION_PUNT
Culture,AncientBrick,CIVILIZATION_SHARUHEN
Culture,Nubian,CIVILIZATION_NUBIA
Culture,Nubian,CIVILIZATION_BAHARIYA
Culture,Nubian,CIVILIZATION_DAKHLA
Culture,Nubian,CIVILIZATION_KHARGA
Culture,Mughal,CIVILIZATION_BYBLOS
Culture,Mughal,CIVILIZATION_PUNT
Culture,Mughal,CIVILIZATION_SHARUHEN
Culture,SouthAfrican,CIVILIZATION_IREM
Culture,AncientEarth,CIVILIZATION_IREM
Culture,NorthAfrican,CIVILIZATION_ASHMUNEIN
Culture,NorthAfrican,CIVILIZATION_SERABIT_EL_KHADIM
Culture,NorthAfrican,CIVILIZATION_ON
Culture,NorthAfrican,CIVILIZATION_IHNASIYA
Culture,NorthAfrican,CIVILIZATION_THINIS
Culture,NorthAfrican,CIVILIZATION_NEKHEN
Culture,RowHouse,CIVILIZATION_ASHMUNEIN
Culture,RowHouse,CIVILIZATION_BAHARIYA
Culture,RowHouse,CIVILIZATION_BYBLOS
Culture,RowHouse,CIVILIZATION_DAKHLA
Culture,RowHouse,CIVILIZATION_IHNASIYA
Culture,RowHouse,CIVILIZATION_IREM
Culture,RowHouse,CIVILIZATION_KHARGA
Culture,RowHouse,CIVILIZATION_NEKHEN
Culture,RowHouse,CIVILIZATION_NUBIA
Culture,RowHouse,CIVILIZATION_ON
Culture,RowHouse,CIVILIZATION_PUNT
Culture,RowHouse,CIVILIZATION_SERABIT_EL_KHADIM
Culture,RowHouse,CIVILIZATION_SHARUHEN
Culture,RowHouse,CIVILIZATION_THINIS
UnitCulture,African,CIVILIZATION_NUBIA
UnitCulture,African,CIVILIZATION_IREM
UnitCulture,African,CIVILIZATION_PUNT
UnitCulture,MiddleEastern,CIVILIZATION_ASHMUNEIN
UnitCulture,MiddleEastern,CIVILIZATION_BAHARIYA
UnitCulture,MiddleEastern,CIVILIZATION_DAKHLA
UnitCulture,MiddleEastern,CIVILIZATION_IHNASIYA
UnitCulture,MiddleEastern,CIVILIZATION_KHARGA
UnitCulture,MiddleEastern,CIVILIZATION_NEKHEN
UnitCulture,MiddleEastern,CIVILIZATION_ON
UnitCulture,MiddleEastern,CIVILIZATION_SERABIT_EL_KHADIM
UnitCulture,MiddleEastern,CIVILIZATION_SHARUHEN
UnitCulture,MiddleEastern,CIVILIZATION_THINIS
UnitCulture,Mediterranean,CIVILIZATION_BYBLOS
Culture,Baltic,CIVILIZATION_POLAND
Culture,AncientEarth,CIVILIZATION_POLAND
Culture,RowHouse,CIVILIZATION_POLAND
UnitCulture,European,CIVILIZATION_POLAND
Culture,NorthAfrican,CIVILIZATION_GRANADA
Culture,SouthAmerican,CIVILIZATION_PALENQUE
Culture,SouthAfrican,CIVILIZATION_ANTANANARIVO
Culture,Mediterranean,CIVILIZATION_MUSCAT
Culture,ModernGlass,CIVILIZATION_AUCKLAND
Culture,AncientBrick,CIVILIZATION_MUSCAT
Culture,AncientBrick,CIVILIZATION_GRANADA
Culture,AncientEarth,CIVILIZATION_ANTANANARIVO
Culture,Colonial,CIVILIZATION_ANTANANARIVO
Culture,Colonial,CIVILIZATION_PALENQUE
Culture,AncientWood,CIVILIZATION_PALENQUE
Culture,AncientWood,CIVILIZATION_AUCKLAND
Culture,AncientWood,CIVILIZATION_ARMAGH
Culture,Scottish,CIVILIZATION_ARMAGH
UnitCulture,SouthAmerican,CIVILIZATION_PALENQUE
UnitCulture,African,CIVILIZATION_ANTANANARIVO
UnitCulture,Mediterranean,CIVILIZATION_MUSCAT
UnitCulture,European,CIVILIZATION_ARMAGH
UnitCulture,European,CIVILIZATION_AUCKLAND
UnitCulture,European,
UnitCulture,VikingsLandmarks_Cultures_UnitCulture,CIVILIZATION_GRANADA
Culture,RowHouse,CIVILIZATION_ETHIOPIA
Culture,AncientBrick,CIVILIZATION_ETHIOPIA
UnitCulture,African,CIVILIZATION_ETHIOPIA