ID,Name,Rarity,Description,Type,BelongsTo,IsActive,SQL,UpgradesCard,LocalisationSQL
,School for Generals,Rare,Basilikoi Paides provide an additional +2 Production and +2 Gold,Upgrade,Macedon,,"INSERT OR REPLACE INTO Building_YieldChanges (BuildingType, YieldType, YieldChange) VALUES ('BUILDING_BASILIKOI_PAIDES', 'YIELD_PRODUCTION', 3);
INSERT OR REPLACE INTO Building_YieldChanges (BuildingType, YieldType, YieldChange) VALUES ('BUILDING_BASILIKOI_PAIDES', 'YIELD_GOLD', 2);",TRAIT_CIVILIZATION_BUILDING_BASILIKOI_PAIDES,
,Eeh Bah Palgum,Rare,Palgums provide an additional +2 Housing and +2 Food,Upgrade,Babylon,,"INSERT OR REPLACE INTO Building_YieldChanges (BuildingType, YieldType, YieldChange) VALUES ('BUILDING_PALGUM', 'YIELD_FOOD', 2);
UPDATE Buildings set Housing = 3 WHERE BuildingType = 'BUILDING_PALGUM';",TRAIT_CIVILIZATION_BUILDING_PALGUM,
,Mad(rasa) Scientists,Epic,Madrasas provide an additional +2 Science and +2 Gold,Upgrade,Arabia,,"INSERT OR REPLACE INTO Building_YieldChanges (BuildingType, YieldType, YieldChange) VALUES ('BUILDING_MADRASA', 'YIELD_SCIENCE', 7);
INSERT OR REPLACE INTO Building_YieldChanges (BuildingType, YieldType, YieldChange) VALUES ('BUILDING_MADRASA', 'YIELD_GOLD', 2);",TRAIT_CIVILIZATION_BUILDING_MADRASA,
,Marae Curie,Uncommon,Maraes provide an additional +2 Science,Upgrade,Maori,,"INSERT OR REPLACE INTO Building_YieldChanges (BuildingType, YieldType, YieldChange) VALUES ('BUILDING_MARAE', 'YIELD_SCIENCE', 2);",TRAIT_CIVILIZATION_BUILDING_MARAE,
,Pre-Ordu Bonus,Uncommon,Ordu provide an additional +3 Gold,Upgrade,Mongolia,,"INSERT OR REPLACE INTO Building_YieldChanges (BuildingType, YieldType, YieldChange) VALUES ('BUILDING_ORDU', 'YIELD_GOLD', 3);",TRAIT_CIVILIZATION_BUILDING_ORDU,
,Prasaturated,Rare,Prasats provide an additional +2 Faith and +0.5 Culture per Population in the city,Upgrade,Khmer,,"INSERT OR REPLACE INTO Building_YieldChanges (BuildingType, YieldType, YieldChange) VALUES ('BUILDING_PRASAT', 'YIELD_FAITH', 8); INSERT OR REPLACE INTO ModifierArguments (ModifierId, Name, Type, Value) VALUES ('PRASAT_CULTURE_POPULATION', 'Amount', 'ARGTYPE_IDENTITY', 1);",TRAIT_CIVILIZATION_BUILDING_PRASAT,
,Suave Church,Epic,Stave Churches provide an additional +2 Faith and +2 Production for every coastal resource worked by the city,Upgrade,Norway,,"UPDATE ModifierArguments SET Value = 2 WHERE ModifierId = 'STAVECHURCH_SEARESOURCE_PRODUCTION' and Name = 'Amount';
INSERT OR REPLACE INTO Modifiers (ModifierId, ModifierType, SubjectRequirementSetId) VALUES ('STAVECHURCH_SEARESOURCE_FAITH', 'MODIFIER_CITY_PLOT_YIELDS_ADJUST_PLOT_YIELD', 'STAVE_CHURCH_SEA_RESOURCE_REQUIREMENTS');
INSERT OR REPLACE INTO ModifierArguments (ModifierId, Name, Type, Value) VALUES ('STAVECHURCH_SEARESOURCE_FAITH', 'YieldType', 'ARGTYPE_IDENTITY', 'YIELD_FAITH');
INSERT OR REPLACE INTO ModifierArguments (ModifierId, Name, Type, Value) VALUES ('STAVECHURCH_SEARESOURCE_FAITH', 'Amount', 'ARGTYPE_IDENTITY', 2);
INSERT OR REPLACE INTO BuildingModifiers (BuildingType, ModifierId) VALUES ('BUILDING_STAVE_CHURCH', 'STAVECHURCH_SEARESOURCE_FAITH');",TRAIT_CIVILIZATION_BUILDING_STAVE_CHURCH,"INSERT OR REPLACE INTO LocalizedText (Tag, Language, Text) VALUES ('LOC_BUILDING_STAVE_CHURCH_DESCRIPTION', 'en_US', 'A building unique to Norway. Required to purchase Apostles and Inquisitors with [ICON_Faith] Faith. Holy Site districts get an additional standard adjacency bonus from Woods.  +2 [ICON_PRODUCTION] Production and +2 [ICON_Faith] Faith to each coastal resource tile in this city.');"
,Very Sukiennice,Rare,Sukiennice provide an additional +2 Gold and +2 Culture,Upgrade,Poland,,"INSERT OR REPLACE INTO Building_YieldChanges (BuildingType, YieldType, YieldChange) VALUES ('BUILDING_SUKIENNICE', 'YIELD_GOLD', 4);
INSERT OR REPLACE INTO Building_YieldChanges (BuildingType, YieldType, YieldChange) VALUES ('BUILDING_SUKIENNICE', 'YIELD_CULTURE', 2);",TRAIT_CIVILIZATION_BUILDING_SUKIENNICE,
,Blood Bowl,Epic,Tlachtli provide an additional +5 Production and +1 Great General point per turn,Upgrade,Aztec,,"INSERT OR REPLACE INTO Building_YieldChanges (BuildingType, YieldType, YieldChange) VALUES ('BUILDING_TLACHTLI', 'YIELD_PRODUCTION', 5);
INSERT OR REPLACE INTO Building_GreatPersonPoints (BuildingType, GreatPersonClassType, PointsPerTurn) VALUES ('BUILDING_TLACHTLI', 'GREAT_PERSON_CLASS_GENERAL', 2);",TRAIT_CIVILIZATION_BUILDING_TLACHTLI,
,Cruise Control,Rare,Navigation Schools provide an additional +2 Gold and now provide +75% Production towards naval units in the city,Upgrade,Portugal,,"INSERT OR REPLACE INTO Building_YieldChanges (BuildingType, YieldType, YieldChange) VALUES ('BUILDING_NAVIGATION_SCHOOL', 'YIELD_GOLD', 2);
INSERT OR REPLACE INTO ModifierArguments (ModifierId, Name, Type, Value) VALUES ('NAVIGATION_SCHOOL_NAVAL_UNIT_PRODUCTION', 'Amount', 'ARGTYPE_IDENTITY', 75);",TRAIT_CIVILIZATION_BUILDING_NAVIGATION_SCHOOL,
,Queen's Discotheque,Uncommon,Queen's Bibliotheques provide an additional +2 Gold and +2 Culture,Upgrade,Sweden,FALSE,,,
,Grandiose Bazaar,Rare,Grand Bazaars provide an additional +2 Gold and +2 Production,Upgrade,Ottoman,,"INSERT OR REPLACE INTO Building_YieldChanges (BuildingType, YieldType, YieldChange) VALUES ('BUILDING_GRAND_BAZAAR', 'YIELD_GOLD', 7);
INSERT OR REPLACE INTO Building_YieldChanges (BuildingType, YieldType, YieldChange) VALUES ('BUILDING_GRAND_BAZAAR', 'YIELD_PRODUCTION', 2);",TRAIT_CIVILIZATION_BUILDING_GRAND_BAZAAR,
,Tsikhe the Truth,Rare,Tsikhe provide an additional +2 Science and +2 Faith,Upgrade,Georgia,,"INSERT OR REPLACE INTO Building_YieldChanges (BuildingType, YieldType, YieldChange) VALUES ('BUILDING_TSIKHE', 'YIELD_FAITH', 6);
INSERT OR REPLACE INTO Building_YieldChanges (BuildingType, YieldType, YieldChange) VALUES ('BUILDING_TSIKHE', 'YIELD_SCIENCE', 2);",TRAIT_CIVILIZATION_BUILDING_TSIKHE,
,Meme Factory,Uncommon,Electronics Factories provide an additional +2 Culture and +2 Amenities from Entertainment,Upgrade,Japan,,"INSERT OR REPLACE INTO Building_YieldChanges (BuildingType, YieldType, YieldChange) VALUES ('BUILDING_ELECTRONICS_FACTORY', 'YIELD_CULTURE', 2);
UPDATE Buildings SET Entertainment = 2 WHERE BuildingType = 'BUILDING_ELECTRONICS_FACTORY';",TRAIT_CIVILIZATION_BUILDING_ELECTRONICS_FACTORY,
,Geo Dudes,Uncommon,Thermal Baths provide +5 Science to tiles in this city with a Geothermal Fissure,Upgrade,Hungary,,"INSERT OR REPLACE INTO RequirementSets (RequirementSetId, RequirementSetType) VALUES ('THERMAL_BATH_FISSURE_SCIENCE_REQUIREMENTS', 'REQUIREMENTSET_TEST_ALL');
INSERT OR REPLACE INTO RequirementSetRequirements (RequirementSetId, RequirementId) VALUES ('THERMAL_BATH_FISSURE_SCIENCE_REQUIREMENTS', 'REQUIRES_PLOT_HAS_GEOTHERMAL_FIISSURE');
INSERT OR REPLACE INTO Modifiers (ModifierId, ModifierType, SubjectRequirementSetId) VALUES ('THERMAL_BATH_FISSURE_SCIENCE', 'MODIFIER_CITY_PLOT_YIELDS_ADJUST_PLOT_YIELD', 'THERMAL_BATH_FISSURE_SCIENCE_REQUIREMENTS');
INSERT OR REPLACE INTO ModifierArguments (ModifierId, Name, Type, Value) VALUES ('THERMAL_BATH_FISSURE_SCIENCE', 'YieldType', 'ARGTYPE_IDENTITY', 'YIELD_SCIENCE');
INSERT OR REPLACE INTO ModifierArguments (ModifierId, Name, Type, Value) VALUES ('THERMAL_BATH_FISSURE_SCIENCE', 'Amount', 'ARGTYPE_IDENTITY', 5);
INSERT OR REPLACE INTO BuildingModifiers (BuildingType, ModifierId) VALUES ('BUILDING_THERMAL_BATH', 'THERMAL_BATH_FISSURE_SCIENCE');",TRAIT_CIVILIZATION_BUILDING_THERMAL_BATH,
,Marvelous Studios,Epic,Film Studios provide an additional +2 Culture and +4 Science,Upgrade,America,,"INSERT OR REPLACE INTO Building_YieldChanges (BuildingType, YieldType, YieldChange) VALUES ('BUILDING_FILM_STUDIO', 'YIELD_CULTURE', 4);
INSERT OR REPLACE INTO Building_YieldChanges (BuildingType, YieldType, YieldChange) VALUES ('BUILDING_FILM_STUDIO', 'YIELD_SCIENCE', 4);",TRAIT_CIVILIZATION_BUILDING_FILM_STUDIO,
,Astronomical,Epic,Observatories gain an additional standard (+1) adjacency bonus from mountains and a major (+2) adjacency bonus from reef tiles,Upgrade,Maya,,"INSERT OR REPLACE INTO District_Adjacencies (DistrictType, YieldChangeId) VALUES ('DISTRICT_OBSERVATORY', 'Mountains_Science1');
INSERT OR REPLACE INTO District_Adjacencies (DistrictType, YieldChangeId) VALUES ('DISTRICT_OBSERVATORY', 'Mountains_Science2');
INSERT OR REPLACE INTO District_Adjacencies (DistrictType, YieldChangeId) VALUES ('DISTRICT_OBSERVATORY', 'Mountains_Science3');
INSERT OR REPLACE INTO District_Adjacencies (DistrictType, YieldChangeId) VALUES ('DISTRICT_OBSERVATORY', 'Mountains_Science4');
INSERT OR REPLACE INTO District_Adjacencies (DistrictType, YieldChangeId) VALUES ('DISTRICT_OBSERVATORY', 'Mountains_Science5');
INSERT OR REPLACE INTO District_Adjacencies (DistrictType, YieldChangeId) VALUES ('DISTRICT_OBSERVATORY', 'Reef_Science');",TRAIT_CIVILIZATION_DISTRICT_OBSERVATORY,
,Seowonderful,Rare,Seowons gain an additional major (+2) adjacency bonus from each adjacent wonder,Upgrade,Korea,,"INSERT OR REPLACE INTO Adjacency_YieldChanges (ID, Description, YieldType, YieldChange, TilesRequired, AdjacentWonder, AdjacentResourceClass) VALUES ('Wonder_Science', 'LOC_DISTRICT_WONDER_SCIENCE', 'YIELD_SCIENCE', 2, 1, 1, 'NO_RESOURCECLASS');
INSERT OR REPLACE INTO District_Adjacencies (DistrictType, YieldChangeId) VALUES ('DISTRICT_SEOWON', 'Wonder_Science');",TRAIT_CIVILIZATION_DISTRICT_SEOWON,"INSERT OR REPLACE INTO LocalizedText (Tag, Language, Text) VALUES ('LOC_DISTRICT_WONDER_SCIENCE', 'en_US', '+{1_num} [ICON_Science] Science from the adjacent {1_Num : plural 1?wonder; other?wonders;}.');"
,Aquapolis,Uncommon,Acropolis gain an additional major (+2) adjacency bonus from Aqueducts,Upgrade,Greece,,"INSERT OR REPLACE INTO Adjacency_YieldChanges (ID, Description, YieldType, YieldChange, TilesRequired, AdjacentDistrict, AdjacentResourceClass) VALUES ('Aqueduct_Culture', 'LOC_DISTRICT_DISTRICT_PRODUCTION', 'YIELD_CULTURE', 2, 1, 'DISTRICT_AQUEDUCT', 'NO_RESOURCECLASS');
INSERT OR REPLACE INTO District_Adjacencies (DistrictType, YieldChangeId) VALUES ('DISTRICT_ACROPOLIS', 'Aqueduct_Culture');",TRAIT_CIVILIZATION_DISTRICT_ACROPOLIS,
,War and Peace,Rare,Lavras gain an additional standard (+1) adjacency bonus from Encampments and a standard (+1) adjacency bonus from Theater Squares,Upgrade,Russia,,"INSERT OR REPLACE INTO Adjacency_YieldChanges (ID, Description, YieldType, YieldChange, TilesRequired, AdjacentDistrict, AdjacentResourceClass) VALUES ('Encampment_Faith', 'LOC_DISTRICT_DISTRICT_FAITH', 'YIELD_FAITH', 1, 1, 'DISTRICT_ENCAMPMENT', 'NO_RESOURCECLASS');
INSERT OR REPLACE INTO District_Adjacencies (DistrictType, YieldChangeId) VALUES ('DISTRICT_LAVRA', 'Encampment_Faith');
INSERT OR REPLACE INTO Adjacency_YieldChanges (ID, Description, YieldType, YieldChange, TilesRequired, AdjacentDistrict, AdjacentResourceClass) VALUES ('Theatre_Faith', 'LOC_DISTRICT_DISTRICT_FAITH', 'YIELD_FAITH', 1, 1, 'DISTRICT_THEATER', 'NO_RESOURCECLASS');
INSERT OR REPLACE INTO District_Adjacencies (DistrictType, YieldChangeId) VALUES ('DISTRICT_LAVRA', 'Theatre_Faith');",TRAIT_CIVILIZATION_DISTRICT_LAVRA,
,Ikanda Forever,Rare,"Ikandas generate an additional +1 Great General point per turn, and specialists in the Ikanda provide an additional +1 Production and +2 Gold",Upgrade,Zulu,,"UPDATE District_GreatPersonPoints SET PointsPerTurn = 2 WHERE DistrictType = 'DISTRICT_IKANDA' AND GreatPersonClassType = 'GREAT_PERSON_CLASS_GENERAL';
INSERT OR REPLACE INTO District_CitizenYieldChanges (DistrictType, YieldType, YieldChange) VALUES ('DISTRICT_IKANDA', 'YIELD_PRODUCTION', 2);
INSERT OR REPLACE INTO District_CitizenYieldChanges (DistrictType, YieldType, YieldChange) VALUES ('DISTRICT_IKANDA', 'YIELD_GOLD', 4);",TRAIT_CIVILIZATION_DISTRICT_IKANDA,
,Thànhtastic,Uncommon,Thành generate an additional +3 Culture for every adjacent district,Upgrade,Vietnam,,"INSERT OR REPLACE INTO Adjacency_YieldChanges (ID, Description, YieldType, YieldChange, TilesRequired, OtherDistrictAdjacent, AdjacentResourceClass) VALUES ('District_Culture_Thanh', 'LOC_DISTRICT_DISTRICT_CULTURE', 'YIELD_CULTURE', 3, 1, 1, 'NO_RESOURCECLASS');
INSERT OR REPLACE INTO District_Adjacencies (DistrictType, YieldChangeId) VALUES ('DISTRICT_THANH', 'District_Culture_Thanh');",TRAIT_CIVILIZATION_DISTRICT_THANH,
,Hard Bargain,Rare,Sugubas now provide a 50% discount on all Gold and Faith purchases,Upgrade,Mali,,"UPDATE ModifierArguments SET Value = 50 WHERE ModifierId in ('SUGUBA_CHEAPER_BUILDING_PURCHASE', 'SUGUBA_CHEAPER_DISTRICT_PURCHASE', 'SUGUBA_CHEAPER_UNIT_PURCHASE') AND Name = 'Amount';",TRAIT_CIVILIZATION_DISTRICT_SUGUBA,
,Cothon Plant,Uncommon,Cothons now provide +90% Production towards naval units and Settlers in this city,Upgrade,Phoenicia,,"UPDATE ModifierArguments SET Value = 90 WHERE ModifierId in ('COTHON_NAVAL_UNIT_PRODUCTION', 'COTHON_SETTLER_PRODUCTION') AND Name = 'Amount';",TRAIT_CIVILIZATION_DISTRICT_COTHON,
,Luxury Flat Conversion,Rare,"Royal Navy Dockyards now provide +2 Housing, and Specialists add an additional +2 Gold and +1 Food each",Upgrade,England,,"UPDATE Districts SET Housing = 2 WHERE DistrictType = 'DISTRICT_ROYAL_NAVY_DOCKYARD';
INSERT OR REPLACE INTO District_CitizenYieldChanges (DistrictType, YieldType, YieldChange) VALUES ('DISTRICT_ROYAL_NAVY_DOCKYARD', 'YIELD_GOLD', 4);
INSERT OR REPLACE INTO District_CitizenYieldChanges (DistrictType, YieldType, YieldChange) VALUES ('DISTRICT_ROYAL_NAVY_DOCKYARD', 'YIELD_FOOD', 2);",TRAIT_CIVILIZATION_ROYAL_NAVY_DOCKYARD,
,Hansa and Gretel,Uncommon,Hansas now provide +1 Housing and +1 Amenity from Entertainment,Upgrade,Germany,,"UPDATE Districts SET Housing = 1, Entertainment = 1 WHERE DistrictType = 'DISTRICT_HANSA';",TRAIT_CIVILIZATION_DISTRICT_HANSA,
,Oppidoom,Epic,Oppidums now gain a major (+2) adjacency bonus for every Encampment district and a major (+2) bonus for every Campus district,Upgrade,Gaul,,"INSERT OR REPLACE INTO Adjacency_YieldChanges (ID, Description, YieldType, YieldChange, TilesRequired, AdjacentDistrict, AdjacentResourceClass) VALUES ('Encampment_Production', 'LOC_DISTRICT_DISTRICT_PRODUCTION', 'YIELD_PRODUCTION', 2, 1, 'DISTRICT_ENCAMPMENT', 'NO_RESOURCECLASS');
INSERT OR REPLACE INTO District_Adjacencies (DistrictType, YieldChangeId) VALUES ('DISTRICT_OPPIDUM', 'Encampment_Production');
INSERT OR REPLACE INTO Adjacency_YieldChanges (ID, Description, YieldType, YieldChange, TilesRequired, AdjacentDistrict, AdjacentResourceClass) VALUES ('Campus_Production', 'LOC_DISTRICT_DISTRICT_PRODUCTION', 'YIELD_PRODUCTION', 2, 1, 'DISTRICT_CAMPUS', 'NO_RESOURCECLASS');
INSERT OR REPLACE INTO District_Adjacencies (DistrictType, YieldChangeId) VALUES ('DISTRICT_OPPIDUM', 'Campus_Production');",TRAIT_CIVILIZATION_DISTRICT_OPPIDUM,
,Street Riot,Epic,Street Carnivals now acquire Outer Defenses and Ranged Strike along with the City Center once Walls have been built,Upgrade,Brazil,,"UPDATE Districts SET ZOC = 1, HitPoints = 100, CaptureRemovesBuildings = 1, MilitaryDomain = 'DOMAIN_LAND' WHERE DistrictType = 'DISTRICT_STREET_CARNIVAL';
INSERT OR REPLACE INTO Districts_XP2 (DistrictType, AttackRange) VALUES ('DISTRICT_STREET_CARNIVAL', 2);",TRAIT_CIVILIZATION_STREET_CARNIVAL,
,Unlimited Fun!,Epic,Hippodromes are no longer restricted to a maximum of one per city,Upgrade,Byzantium,,UPDATE Districts SET OnePerCity = 0 WHERE DistrictType = 'DISTRICT_HIPPODROME';,TRAIT_CIVILIZATION_DISTRICT_HIPPODROME,
,Hottest Spot North of Havana,Epic,Copacabana now acquire Outer Defenses and Ranged Strike along with the City Center once Walls have been built,Upgrade,Brazil,FALSE,,DISTRICT_WATER_STREET_CARNIVAL,
,Leisure Centre,Rare,Baths now provide an additional +2 Amenities,Upgrade,Rome,,UPDATE Districts SET Entertainment = 3 WHERE DistrictType = 'DISTRICT_BATH';,TRAIT_CIVILIZATION_DISTRICT_BATH,
,Buala,Rare,Mbanzas now provide an additional yield of +2 Science and +2 Culture,Upgrade,Kongo,,"INSERT OR REPLACE INTO Modifiers (ModifierId, ModifierType) VALUES ('MBANZA_SCIENCE', 'MODIFIER_PLAYER_DISTRICT_ADJUST_BASE_YIELD_CHANGE');
INSERT OR REPLACE INTO ModifierArguments (ModifierId, Name, Type, Value) VALUES ('MBANZA_SCIENCE', 'YieldType', 'ARGTYPE_IDENTITY', 'YIELD_SCIENCE');
INSERT OR REPLACE INTO ModifierArguments (ModifierId, Name, Type, Value) VALUES ('MBANZA_SCIENCE', 'Amount', 'ARGTYPE_IDENTITY', 2);
INSERT OR REPLACE INTO DistrictModifiers (DistrictType, ModifierId) VALUES ('DISTRICT_MBANZA', 'MBANZA_SCIENCE');
INSERT OR REPLACE INTO Modifiers (ModifierId, ModifierType) VALUES ('MBANZA_CULTURE', 'MODIFIER_PLAYER_DISTRICT_ADJUST_BASE_YIELD_CHANGE');
INSERT OR REPLACE INTO ModifierArguments (ModifierId, Name, Type, Value) VALUES ('MBANZA_CULTURE', 'YieldType', 'ARGTYPE_IDENTITY', 'YIELD_CULTURE');
INSERT OR REPLACE INTO ModifierArguments (ModifierId, Name, Type, Value) VALUES ('MBANZA_CULTURE', 'Amount', 'ARGTYPE_IDENTITY', 2);
INSERT OR REPLACE INTO DistrictModifiers (DistrictType, ModifierId) VALUES ('DISTRICT_MBANZA', 'MBANZA_CULTURE');",TRAIT_CIVILIZATION_MBANZA,"INSERT OR REPLACE INTO LocalizedText (Tag, Language, Text) VALUES ('LOC_DISTRICT_MBANZA_DESCRIPTION', 'en_US', 'A district unique to Kongo that can only be constructed in Rainforest or Woods. Replaces the Neighborhood district but is available earlier and cheaper to build. Provides +5 [ICON_Housing] Housing , +2 [ICON_Food] Food, +2 [ICON_Science] Science, +2 [ICON_Culture] Culture, and +4 [ICON_Gold] Gold, regardless of Appeal.');"
,Beaux Chateaux,Rare,"Château now provide an additional base yield modifier of +1 Culture, +1 Gold and +1 Appeal",Upgrade,France,,"INSERT OR REPLACE INTO Improvement_YieldChanges (ImprovementType, YieldType, YieldChange) VALUES ('IMPROVEMENT_CHATEAU', 'YIELD_GOLD', 2);
INSERT OR REPLACE INTO Improvement_YieldChanges (ImprovementType, YieldType, YieldChange) VALUES ('IMPROVEMENT_CHATEAU', 'YIELD_CULTURE', 3);
UPDATE Improvements SET Appeal = 2 WHERE ImprovementType = 'IMPROVEMENT_CHATEAU';",TRAIT_CIVILIZATION_IMPROVEMENT_CHATEAU,
,My Chemamull Romance,Uncommon,"Chemamull now provide an additional +1 Production, and can be built on tiles with Appeal of 3 or higher",Upgrade,Mapuche,,"INSERT OR REPLACE INTO Improvement_YieldChanges (ImprovementType, YieldType, YieldChange) VALUES ('IMPROVEMENT_CHEMAMULL', 'YIELD_PRODUCTION', 2);
UPDATE Improvements SET MinimumAppeal = 3 WHERE ImprovementType = 'IMPROVEMENT_CHEMAMULL';",TRAIT_CIVILIZATION_IMPROVEMENT_CHEMAMULL,
,Factory on the Waves,Rare,Feitoria now produce an additional +2 Gold and +1 Production,Upgrade,Portugal,FALSE,"INSERT OR REPLACE INTO Improvement_YieldChanges (ImprovementType, YieldType, YieldChange) VALUES ('IMPROVEMENT_FEITORIA', 'YIELD_PRODUCTION', 2);
INSERT OR REPLACE INTO Improvement_YieldChanges (ImprovementType, YieldType, YieldChange) VALUES ('IMPROVEMENT_FEITORIA', 'YIELD_GOLD', 6);",TRAIT_CIVILIZATION_IMPROVEMENT_FEITORIA,
,Par 3,Rare,Golf Courses now produce an additional +1 Gold per turn and an additional +2 Culture per turn,Upgrade,Scotland,,"INSERT OR REPLACE INTO Improvement_YieldChanges (ImprovementType, YieldType, YieldChange) VALUES ('IMPROVEMENT_GOLF_COURSE', 'YIELD_GOLD', 3);
INSERT OR REPLACE INTO Improvement_YieldChanges (ImprovementType, YieldType, YieldChange) VALUES ('IMPROVEMENT_GOLF_COURSE', 'YIELD_CULTURE', 2);",TRAIT_CIVILIZATION_IMPROVEMENT_GOLF_COURSE,
,Even Greater Wall,Epic,Great Wall improvements now provide an additional +2 Science for each adjacent Great Wall,Upgrade,China,,"INSERT OR REPLACE INTO Adjacency_YieldChanges (ID, Description, YieldType, YieldChange, TilesRequired, AdjacentImprovement, AdjacentResourceClass) VALUES ('GreatWall_Science', 'Placeholder', 'YIELD_SCIENCE', 2, 1, 'IMPROVEMENT_GREAT_WALL', 'NO_RESOURCECLASS');
INSERT OR REPLACE INTO Improvement_Adjacencies (ImprovementType, YieldChangeId) VALUES ('IMPROVEMENT_GREAT_WALL', 'GreatWall_Science');",TRAIT_CIVILIZATION_IMPROVEMENT_GREAT_WALL,
,Hacendado,Rare,"Haciendas now provide an additional +2 Gold and +2 Food for each adjacent Plantation. Additionally, Haciendas provide +1 Housing rather than +0.5.",Upgrade,Gran Colombia,,"INSERT OR REPLACE INTO Adjacency_YieldChanges (ID, Description, YieldType, YieldChange, TilesRequired, AdjacentImprovement, AdjacentResourceClass) VALUES ('Hacienda_PlantationAdjacency', 'Placeholder', 'YIELD_FOOD', 3, 1, 'IMPROVEMENT_PLANTATION', 'NO_RESOURCECLASS');
INSERT OR REPLACE INTO Adjacency_YieldChanges (ID, Description, YieldType, YieldChange, TilesRequired, AdjacentImprovement, AdjacentResourceClass) VALUES ('Hacienda_PlantationGold', 'Placeholder', 'YIELD_GOLD', 2, 1, 'IMPROVEMENT_PLANTATION', 'NO_RESOURCECLASS');
INSERT OR REPLACE INTO Improvement_Adjacencies (ImprovementType, YieldChangeId) VALUES ('IMPROVEMENT_HACIENDA', 'Hacienda_PlantationGold');
UPDATE Improvements SET TilesRequired = 1 WHERE ImprovementType = 'IMPROVEMENT_HACIENDA';",TRAIT_CIVILIZATION_IMPROVEMENT_HACIENDA,
,National Hockey League,Uncommon,Ice Hockey Rinks are no longer restricted to a maximum of one per city,Upgrade,Canada,,UPDATE Improvements SET OnePerCity = 0 WHERE ImprovementType = 'IMPROVEMENT_ICE_HOCKEY_RINK';,TRAIT_CIVILIZATION_IMPROVEMENT_ICE_HOCKEY_RINK,
,Glampung,Rare,"Kampungs now provide an additional +1 Housing, +2 Production and +1 Gold",Upgrade,Indonesia,,"INSERT OR REPLACE INTO Improvement_YieldChanges (ImprovementType, YieldType, YieldChange) VALUES ('IMPROVEMENT_KAMPUNG', 'YIELD_PRODUCTION', 3);
INSERT OR REPLACE INTO Improvement_YieldChanges (ImprovementType, YieldType, YieldChange) VALUES ('IMPROVEMENT_KAMPUNG', 'YIELD_GOLD', 1);
UPDATE Improvements SET TilesRequired = 1 WHERE ImprovementType = 'IMPROVEMENT_KAMPUNG';",TRAIT_CIVILIZATION_IMPROVEMENT_KAMPUNG,
,Horse Whisperer,Epic,Kurgans now produce an additional +2 Faith and +2 Production,Upgrade,Scythia,,"INSERT OR REPLACE INTO Improvement_YieldChanges (ImprovementType, YieldType, YieldChange) VALUES ('IMPROVEMENT_KURGAN', 'YIELD_FAITH', 3);
INSERT OR REPLACE INTO Improvement_YieldChanges (ImprovementType, YieldType, YieldChange) VALUES ('IMPROVEMENT_KURGAN', 'YIELD_PRODUCTION', 2);",TRAIT_CIVILIZATION_IMPROVEMENT_KURGAN,
,Megawap,Rare,Mekewaps now produce an additional +1 Housing and +2 Production,Upgrade,Cree,,"INSERT OR REPLACE INTO Improvement_YieldChanges (ImprovementType, YieldType, YieldChange) VALUES ('IMPROVEMENT_MEKEWAP', 'YIELD_PRODUCTION', 3);
UPDATE Improvements SET TilesRequired = 1 WHERE ImprovementType = 'IMPROVEMENT_MEKEWAP';",TRAIT_CIVILIZATION_IMPROVEMENT_MEKEWAP,
,Mission Impossible,Epic,"Missions now produce an additional +1 Faith, +1 Gold, +1 Production, +1 Culture and +1 Science",Upgrade,Spain,,"INSERT OR REPLACE INTO Improvement_YieldChanges (ImprovementType, YieldType, YieldChange) VALUES ('IMPROVEMENT_MISSION', 'YIELD_FAITH', 3);
INSERT OR REPLACE INTO Improvement_YieldChanges (ImprovementType, YieldType, YieldChange) VALUES ('IMPROVEMENT_MISSION', 'YIELD_GOLD', 1);
INSERT OR REPLACE INTO Improvement_YieldChanges (ImprovementType, YieldType, YieldChange) VALUES ('IMPROVEMENT_MISSION', 'YIELD_PRODUCTION', 1);
INSERT OR REPLACE INTO Improvement_YieldChanges (ImprovementType, YieldType, YieldChange) VALUES ('IMPROVEMENT_MISSION', 'YIELD_CULTURE', 1);
INSERT OR REPLACE INTO Improvement_YieldChanges (ImprovementType, YieldType, YieldChange) VALUES ('IMPROVEMENT_MISSION', 'YIELD_SCIENCE', 1);",TRAIT_CIVILIZATION_IMPROVEMENT_MISSION,
,Noob Pyramids,Uncommon,Nubian Pyramids now produce an additional +2 Production,Upgrade,Nubia,,"INSERT OR REPLACE INTO Improvement_YieldChanges (ImprovementType, YieldType, YieldChange) VALUES ('IMPROVEMENT_PYRAMID', 'YIELD_PRODUCTION', 2);",TRAIT_CIVILIZATION_IMPROVEMENT_PYRAMID,
,Field Study,Uncommon,Open-Air Museums now produce an additional +2 Science for each type of terrain in which at least one Swedish city is founded,Upgrade,Sweden,,"INSERT OR REPLACE INTO Modifiers (ModifierId, ModifierType) VALUES ('OPEN_AIR_MUSEUM_SCIENCE_FOR_TERRAIN_CLASS_CITIES', 'MODIFIER_SINGLE_CITY_ADJUST_YIELD_FOR_TERRAIN_CLASS_CITIES_IMPROVEMENT');
INSERT OR REPLACE INTO ModifierArguments (ModifierId, Name, Type, Value) VALUES ('OPEN_AIR_MUSEUM_SCIENCE_FOR_TERRAIN_CLASS_CITIES', 'Amount', 'ARGTYPE_IDENTITY', 2);
INSERT OR REPLACE INTO ModifierArguments (ModifierId, Name, Type, Value) VALUES ('OPEN_AIR_MUSEUM_SCIENCE_FOR_TERRAIN_CLASS_CITIES', 'ImprovementType', 'ARGTYPE_IDENTITY', 'IMPROVEMENT_OPEN_AIR_MUSEUM');
INSERT OR REPLACE INTO ModifierArguments (ModifierId, Name, Type, Value) VALUES ('OPEN_AIR_MUSEUM_SCIENCE_FOR_TERRAIN_CLASS_CITIES', 'YieldType', 'ARGTYPE_IDENTITY', 'YIELD_SCIENCE');
INSERT OR REPLACE INTO ImprovementModifiers (ImprovementType, ModifierID) VALUES ('IMPROVEMENT_OPEN_AIR_MUSEUM', 'OPEN_AIR_MUSEUM_SCIENCE_FOR_TERRAIN_CLASS_CITIES');",TRAIT_CIVILIZATION_IMPROVEMENT_OPEN_AIR_MUSEUM,
,Crocodile Dundee,Rare,Outback Stations now produce an additional +1 Science and +1 Culture if built adjacent to a river,Upgrade,Australia,,"INSERT OR REPLACE INTO Adjacency_YieldChanges (ID, Description, YieldType, YieldChange, TilesRequired, AdjacentRiver, AdjacentResourceClass) VALUES ('Outback_River_Science', 'Placeholder', 'YIELD_SCIENCE', 1, 1, 1, 'NO_RESOURCECLASS');
INSERT OR REPLACE INTO Adjacency_YieldChanges (ID, Description, YieldType, YieldChange, TilesRequired, AdjacentRiver, AdjacentResourceClass) VALUES ('Outback_River_Culture', 'Placeholder', 'YIELD_CULTURE', 1, 1, 1, 'NO_RESOURCECLASS');
INSERT OR REPLACE INTO Improvement_Adjacencies (ImprovementType, YieldChangeId) VALUES ('IMPROVEMENT_OUTBACK_STATION', 'Outback_River_Science');
INSERT OR REPLACE INTO Improvement_Adjacencies (ImprovementType, YieldChangeId) VALUES ('IMPROVEMENT_OUTBACK_STATION', 'Outback_River_Culture');",TRAIT_CIVILIZATION_IMPROVEMENT_OUTBACK_STATION,
,Paradise Garden,Uncommon,Pairidaeza now produce an additional +1 Culture and +2 Faith,Upgrade,Persia,,"INSERT OR REPLACE INTO Improvement_YieldChanges (ImprovementType, YieldType, YieldChange) VALUES ('IMPROVEMENT_PAIRIDAEZA', 'YIELD_CULTURE', 2);
INSERT OR REPLACE INTO Improvement_YieldChanges (ImprovementType, YieldType, YieldChange) VALUES ('IMPROVEMENT_PAIRIDAEZA', 'YIELD_FAITH', 2);",TRAIT_CIVILIZATION_IMPROVEMENT_PAIRIDAEZA,
,Golder,Uncommon,Polders now produce an additional +2 Gold,Upgrade,Dutch,,"INSERT OR REPLACE INTO Improvement_YieldChanges (ImprovementType, YieldType, YieldChange) VALUES ('IMPROVEMENT_POLDER', 'YIELD_GOLD', 2);",TRAIT_CIVILIZATION_IMPROVEMENT_POLDER,
,Rock 'n' Soul,Epic,Rock-Hewn Churches now produce an additional +3 Faith and +1 Culture,Upgrade,Ethiopia,,"INSERT OR REPLACE INTO Improvement_YieldChanges (ImprovementType, YieldType, YieldChange) VALUES ('IMPROVEMENT_ROCK_HEWN_CHURCH', 'YIELD_FAITH', 4);
INSERT OR REPLACE INTO Improvement_YieldChanges (ImprovementType, YieldType, YieldChange) VALUES ('IMPROVEMENT_ROCK_HEWN_CHURCH', 'YIELD_CULTURE', 1);",TRAIT_CIVILIZATION_IMPROVEMENT_ROCK_HEWN_CHURCH,
,Big Cat Rescue,Uncommon,Sphinx now produce an additional +2 Gold and +1 Culture,Upgrade,Egypt,,"INSERT OR REPLACE INTO Improvement_YieldChanges (ImprovementType, YieldType, YieldChange) VALUES ('IMPROVEMENT_SPHINX', 'YIELD_GOLD', 2);
INSERT OR REPLACE INTO Improvement_YieldChanges (ImprovementType, YieldType, YieldChange) VALUES ('IMPROVEMENT_SPHINX', 'YIELD_CULTURE', 2);",TRAIT_CIVILIZATION_IMPROVEMENT_SPHINX,
,Stairway to Heaven,Uncommon,Stepwells now produce an additional +2 Faith and +1 Food,Upgrade,India,,"INSERT OR REPLACE INTO Improvement_YieldChanges (ImprovementType, YieldType, YieldChange) VALUES ('IMPROVEMENT_STEPWELL', 'YIELD_FAITH', 2);
INSERT OR REPLACE INTO Improvement_YieldChanges (ImprovementType, YieldType, YieldChange) VALUES ('IMPROVEMENT_STEPWELL', 'YIELD_FOOD', 2);",TRAIT_CIVILIZATION_IMPROVEMENT_STEPWELL,
,Vertical Farming,Epic,Terrace Farms now produce an additional +2 Gold and +2 Science,Upgrade,Inca,,"INSERT OR REPLACE INTO Improvement_YieldChanges (ImprovementType, YieldType, YieldChange) VALUES ('IMPROVEMENT_TERRACE_FARM', 'YIELD_GOLD', 2);
INSERT OR REPLACE INTO Improvement_YieldChanges (ImprovementType, YieldType, YieldChange) VALUES ('IMPROVEMENT_TERRACE_FARM', 'YIELD_SCIENCE', 2);",TRAIT_CIVILIZATION_IMPROVEMENT_TERRACE_FARM,
,Lizard People,Rare,"Ziggurats now produce an additional +1 Science, +1 Production and +1 Gold",Upgrade,Sumeria,,"INSERT OR REPLACE INTO Improvement_YieldChanges (ImprovementType, YieldType, YieldChange) VALUES ('IMPROVEMENT_ZIGGURAT', 'YIELD_GOLD', 1);
INSERT OR REPLACE INTO Improvement_YieldChanges (ImprovementType, YieldType, YieldChange) VALUES ('IMPROVEMENT_ZIGGURAT', 'YIELD_PRODUCTION', 1);
INSERT OR REPLACE INTO Improvement_YieldChanges (ImprovementType, YieldType, YieldChange) VALUES ('IMPROVEMENT_ZIGGURAT', 'YIELD_SCIENCE', 3);",TRAIT_CIVILIZATION_IMPROVEMENT_ZIGGURAT,
,Buffalo Hunter,Rare,Okihtcitaws have their production cost halved (20 vs 40),Upgrade,Cree,,UPDATE Units SET Cost = 20 WHERE UnitType = 'UNIT_CREE_OKIHTCITAW';,TRAIT_CIVILIZATION_UNIT_CREE_OKIHTCITAW,
,Buffalo Scout,Uncommon,Okihtcitaws now have +1 Sight and +1 Movement,Upgrade,Cree,,"UPDATE Units SET BaseSightRange = 3, BaseMoves = 4 WHERE UnitType = 'UNIT_CREE_OKIHTCITAW';",TRAIT_CIVILIZATION_UNIT_CREE_OKIHTCITAW,
,Super Slingers,Rare,Warak'aq have their production cost reduced by 30% (115 vs 165),Upgrade,Inca,,UPDATE Units SET Cost = 115 WHERE UnitType = 'UNIT_INCA_WARAKAQ';,TRAIT_CIVILIZATION_UNIT_INCA_WARAKAQ,
,Shot Put Specialists,Uncommon,Warak'aq have their Range increased to 2,Upgrade,Inca,,UPDATE Units SET Range = 2 WHERE UnitType = 'UNIT_INCA_WARAKAQ';,TRAIT_CIVILIZATION_UNIT_INCA_WARAKAQ,
,Braveheart,Rare,Highlanders have +10 Combat Strength and +5 Ranged Strength,Upgrade,Scotland,,"UPDATE Units SET Combat = 60, RangedCombat = 70 WHERE UnitType = 'UNIT_SCOTTISH_HIGHLANDER';",TRAIT_CIVILIZATION_UNIT_SCOTTISH_HIGHLANDER,
,Eagle Vision,Uncommon,Eagle Warriors have +1 Sight,Upgrade,Aztec,,UPDATE Units SET BaseSightRange = 3 WHERE UnitType = 'UNIT_AZTEC_EAGLE_WARRIOR';,TRAIT_CIVILIZATION_UNIT_AZTEC_EAGLE_WARRIOR,
,Desert Eagle,Rare,Eagle Warriors gain +5 Combat Strength in Desert and Desert Hills,Upgrade,Aztec,FALSE,,TRAIT_CIVILIZATION_UNIT_AZTEC_EAGLE_WARRIOR,
,Gaul Maul,Epic,Gaesatae have their production costs reduced by 33% (40 vs 60),Upgrade,Gaul,,UPDATE Units SET Cost = 40 WHERE UnitType = 'UNIT_GAUL_GAESATAE';,TRAIT_CIVILIZATION_UNIT_GAUL_GAESATAE,
,Messy Potamia,Rare,Sabum Kibittum have their melee strength increased to 22,Upgrade,Babylon,,UPDATE Units SET Combat = 22 WHERE UnitType = 'UNIT_BABYLONIAN_SABUM_KIBITTUM';,TRAIT_CIVILIZATION_UNIT_BABYLONIAN_SABUM_KIBITTUM,
,Meat Shield,Rare,Hyspaspists have their support bonus increased from 3 to 5,Upgrade,Macedon,,UPDATE ModifierArguments SET Value = 150 WHERE ModifierId = 'HYPASPIST_SUPPORT_BONUS' and Name = 'Percent';,TRAIT_CIVILIZATION_UNIT_HYPASPIST,
,Immortal Kombat,Rare,Immortals have their melee strength increased to 40,Upgrade,Persia,,UPDATE Units SET Combat = 40 WHERE UnitType = 'UNIT_PERSIAN_IMMORTAL';,TRAIT_CIVILIZATION_UNIT_IMMORTAL,
,Legion of Doom,Epic,Legions have their production cost reduced by 20% (88 vs 110),Upgrade,Rome,,UPDATE Units SET Cost = 88 WHERE UnitType = 'UNIT_ROMAN_LEGION';,TRAIT_CIVILIZATION_UNIT_ROMAN_LEGION,
,Good to Ngao,Rare,Ngao Mbeba do not require Iron to produce,Upgrade,Kongo,,UPDATE Units SET StrategicResource = null WHERE UnitType = 'UNIT_KONGO_SHIELD_BEARER';,TRAIT_CIVILIZATION_UNIT_KONGO_SHIELD_BEARER,
,Ulfhednir,Rare,Berserkers have +1 Sight and their Maintenance reduced to 2 Gold,Upgrade,Norway,,"UPDATE Units SET BaseSightRange = 3, Maintenance = 2 WHERE UnitType = 'UNIT_NORWEGIAN_BERSERKER';",TRAIT_CIVILIZATION_UNIT_NORWEGIAN_BERSERKER,
,Fell Runners,Uncommon,Khevsur have their Movement increased to 3,Upgrade,Georgia,,UPDATE Units SET BaseMoves = 3 WHERE UnitType = 'UNIT_GEORGIAN_KHEVSURETI';,TRAIT_CIVILIZATION_UNIT_GEORGIAN_KHEVSURETI,
,Samurai Jacked,Rare,Samurai start with one free promotion,Upgrade,Japan,,UPDATE Units SET InitialLevel = 2 WHERE UnitType = 'UNIT_JAPANESE_SAMURAI';,TRAIT_CIVILIZATION_UNIT_JAPANESE_SAMURAI,
,Just Exploring,Rare,Conquistadors have their production cost reduced by 20% (200 vs 250),Upgrade,Spain,,UPDATE Units SET Cost = 200 WHERE UnitType = 'UNIT_SPANISH_CONQUISTADOR';,TRAIT_CIVILIZATION_UNIT_SPANISH_CONQUISTADOR,
,Visionary Janissary,Rare,Janissaries have their Movement and Sight increased to 3,Upgrade,Ottoman,FALSE,,TRAIT_LEADER_UNIT_SULEIMAN_JANISSARY,
,Garde-Frontière,Uncommon,Garde Impériale have their Sight increased to 3,Upgrade,France,,UPDATE Units SET BaseSightRange = 3 WHERE UnitType = 'UNIT_FRENCH_GARDE_IMPERIALE';,TRAIT_CIVILIZATION_UNIT_FRENCH_GARDE_IMPERIALE,
,Coat Sale,Rare,Redcoats have their production cost reduced by 25% (270 vs 360),Upgrade,England,FALSE,,TRAIT_LEADER_UNIT_ENGLISH_REDCOAT,
,Diggerland,Rare,Diggers have their melee strength increased from 78 to 80,Upgrade,Australia,FALSE,,,
,Roast Pítati,Rare,Pítati Archers have their melee combat strength increased from 17 to 20,Upgrade,Nubia,,UPDATE Units SET Combat = 20 WHERE UnitType = 'UNIT_NUBIAN_PITATI';,TRAIT_CIVILIZATION_UNIT_NUBIAN_PITATI,
,Hul'cheap,Rare,Hul'che have their production cost reduced by 33% (40 vs 60),Upgrade,Maya,,UPDATE Units SET Cost = 40 WHERE UnitType = 'UNIT_MAYAN_HULCHE';,TRAIT_CIVILIZATION_HULCHE,
,Sak Attack,Epic,Saka Horse Archers have their range increased to 2,Upgrade,Scythia,,UPDATE Units SET Range = 2 WHERE UnitType = 'UNIT_SCYTHIAN_HORSE_ARCHER';,TRAIT_CIVILIZATION_UNIT_SCYTHIAN_HORSE_ARCHER,
,De Nile,Rare,Maryannu Chariot Archers have their melee strength increased from 25 to 29,Upgrade,Egypt,,UPDATE Units SET Combat = 29 WHERE UnitType = 'UNIT_EGYPTIAN_CHARIOT_ARCHER';,TRAIT_CIVILIZATION_UNIT_EGYPTIAN_CHARIOT_ARCHER,
,Voi Cheap,Rare,Voi Chiến have their production cost reduced by 25% (150 vs 200),Upgrade,Vietnam,,UPDATE Units SET Cost = 150 WHERE UnitType = 'UNIT_VIETNAMESE_VOI_CHIEN';,TRAIT_CIVILIZATION_UNIT_VIETNAMESE_VOI_CHIEN,
,Hidden Dragon,Rare,Crouching Tiger have their range increased to 2,Upgrade,China,,UPDATE Units SET Range = 2 WHERE UnitType = 'UNIT_CHINESE_CROUCHING_TIGER';,TRAIT_CIVILIZATION_UNIT_CHINESE_CROUCHING_TIGER,
,Ke$hig,Uncommon,Keshig have their maintenance reduced from 3 to 1,Upgrade,Mongolia,,UPDATE Units SET Maintenance = 1 WHERE UnitType = 'UNIT_MONGOLIAN_KESHIG';,TRAIT_CIVILIZATION_UNIT_MONGOLIAN_KESHIG,
,Chariots of Heavy Fire,Rare,Hwacha have their movement increased from 2 to 3,Upgrade,Korea,,UPDATE Units SET BaseMoves = 3 WHERE UnitType = 'UNIT_KOREAN_HWACHA';,TRAIT_CIVILIZATION_UNIT_KOREAN_HWACHA,
,Hopheavy,Epic,Hoplites have their melee strength increased from 28 to 35,Upgrade,Greece,,UPDATE Units SET Combat = 35 WHERE UnitType = 'UNIT_GREEK_HOPLITE';,TRAIT_CIVILIZATION_UNIT_GREEK_HOPLITE,
,Buffalo Horns,Rare,Impi have +1 Sight and +1 Movement,Upgrade,Zulu,,"UPDATE Units SET BaseSightRange = 3, BaseMoves = 3 WHERE UnitType = 'UNIT_ZULU_IMPI';",TRAIT_CIVILIZATION_UNIT_ZULU_IMPI,
,Sweet Carolean,Uncommon,Caroleans have their production cost reduced by 20% (200 vs 250),Upgrade,Sweden,,UPDATE Units SET Cost = 200 WHERE UnitType = 'UNIT_SWEDEN_CAROLEAN';,TRAIT_CIVILIZATION_UNIT_SWEDEN_CAROLEAN,
,Spotter of Bother,Rare,Oromo Cavalry have their melee strength increased to 55,Upgrade,Ethiopia,,UPDATE Units SET Combat = 48 WHERE UnitType = 'UNIT_ETHIOPIAN_OROMO_CAVALRY';,TRAIT_CIVILIZATION_UNIT_ETHIOPIAN_OROMO_CAVALRY,
,Shadow Legends,Rare,Malón Raiders have their movement increased from 4 to 6,Upgrade,Mapuche,,UPDATE Units SET BaseMoves = 6 WHERE UnitType = 'UNIT_MAPUCHE_MALON_RAIDER';,TRAIT_CIVILIZATION_UNIT_MAPUCHE_MALON_RAIDER,
,Cossacks II,Uncommon,Cossacks have their production cost decreased by 11% (303 vs 340),Upgrade,Russia,,UPDATE Units SET Cost = 303 WHERE UnitType = 'UNIT_RUSSIAN_COSSACK';,TRAIT_CIVILIZATION_UNIT_RUSSIAN_COSSACK,
,Huzzah!,Rare,Huszars have their melee strength increased from 65 to 70,Upgrade,Hungary,,UPDATE Units SET Combat = 70 WHERE UnitType = 'UNIT_HUNGARY_HUSZAR';,TRAIT_CIVILIZATION_UNIT_HUNGARY_HUSZAR,
,Not So Plainsman,Uncommon,Llanero have their melee strength increased from 62 to 65,Upgrade,Gran Colombia,,UPDATE Units SET Combat = 65 WHERE UnitType = 'UNIT_COLOMBIAN_LLANERO';,TRAIT_CIVILIZATION_LLANERO,
,Fun Police,Rare,Mounties have their melee strength increased from 62 to 70,Upgrade,Canada,FALSE,,,
,Wacky Races,Epic,War Carts have their movement increased by 1,Upgrade,Sumeria,,UPDATE Units SET BaseMoves = 4 WHERE UnitType = 'UNIT_SUMERIAN_WAR_CART';,TRAIT_CIVILIZATION_UNIT_SUMERIAN_WAR_CART,
,Elephant in the Room,Uncommon,Varu have their production cost reduced by 17% (100 vs 120),Upgrade,India,,UPDATE Units SET Cost = 100 WHERE UnitType = 'UNIT_INDIAN_VARU';,TRAIT_CIVILIZATION_UNIT_INDIAN_VARU,
,Arabian Knights,Uncommon,Mamluk have their maintenance cost reduced from 4 to 2,Upgrade,Arabia,,UPDATE Units SET Maintenance = 2 WHERE UnitType = 'UNIT_ARABIAN_MAMLUK';,TRAIT_CIVILIZATION_UNIT_ARABIAN_MAMLUK,
,Mali-onnaires,Uncommon,Mandekalu Cavalry have their maintenance cost reduced from 4 to 3,Upgrade,Mali,,UPDATE Units SET Maintenance = 3 WHERE UnitType = 'UNIT_MALI_MANDEKALU_CAVALRY';,TRAIT_CIVILIZATION_UNIT_MALI_MANDEKALU_CAVALRY,
,Joust in Time,Rare,Winged Hussars have their melee strength increased from 64 to 68,Upgrade,Poland,,UPDATE Units SET Combat = 68 WHERE UnitType = 'UNIT_POLISH_HUSSAR';,TRAIT_CIVILIZATION_UNIT_POLISH_HUSSAR,
,Sound of the Trumpets,Epic,Domreys have their movement increased to 3 and their maintenance decreased to 2,Upgrade,Khmer,,"UPDATE Units SET BaseMoves = 3, Maintenance = 2 WHERE UnitType = 'UNIT_KHMER_DOMREY';",TRAIT_CIVILIZATION_UNIT_KHMER_DOMREY,
,Sea Monsters,Epic,Biremes have their melee strength increased from 35 to 40,Upgrade,Phoenicia,,UPDATE Units SET Combat = 40 WHERE UnitType = 'UNIT_PHOENICIA_BIREME';,TRAIT_CIVILIZATION_UNIT_PHOENICIA_BIREME,
,Nau Mans Land,Rare,Nau have their production cost reduced by 25% (180 vs 240),Upgrade,Portugal,,UPDATE Units SET Cost = 180 WHERE UnitType = 'UNIT_PORTUGUESE_NAU';,TRAIT_CIVILIZATION_UNIT_PORTUGUESE_NAU,
,Drogon,Rare,Dromon have their ranged attack increased from 25 to 30,Upgrade,Byzantium,,UPDATE Units SET RangedCombat = 30 WHERE UnitType = 'UNIT_BYZANTINE_DROMON';,TRAIT_CIVILIZATION_UNIT_BYZANTINE_DROMON,
,Two Jongs Make A Right,Rare,Jong have their production cost reduced 20% (240 vs 300),Upgrade,Indonesia,,UPDATE Units SET Cost = 240 WHERE UnitType = 'UNIT_INDONESIAN_JONG';,TRAIT_CIVILIZATION_UNIT_INDONESIAN_JONG,
,Wall Cracker,Rare,De Zeven Provinciën have their production cost decreased by 25% (210 vs 280),Upgrade,Dutch,,UPDATE Units SET Cost = 210 WHERE UnitType = 'UNIT_DE_ZEVEN_PROVINCIEN';,TRAIT_CIVILIZATION_UNIT_DUTCH_ZEVEN_PROVINCIEN,
,The Boat That Rocked,Epic,Minas Geraes have their ranged strength increased from 80 to 85,Upgrade,Brazil,,UPDATE Units SET RangedCombat = 85 WHERE UnitType = 'UNIT_BRAZILIAN_MINAS_GERAES';,TRAIT_CIVILIZATION_UNIT_BRAZILIAN_MINAS_GERAES,
,Pirates of the Mediterranean,Rare,Barbary Corsairs have their movement increased from 4 to 6,Upgrade,Ottoman,,UPDATE Units SET BaseMoves = 5 WHERE UnitType = 'UNIT_OTTOMAN_BARBARY_CORSAIR';,TRAIT_CIVILIZATION_UNIT_OTTOMAN_BARBARY_CORSAIR,
,Salty Sea Dogs,Epic,Sea Dogs have their Melee Strength increased from 40 to 50,Upgrade,England,,UPDATE Units SET Combat = 50 WHERE UnitType = 'UNIT_ENGLISH_SEADOG';,TRAIT_CIVILIZATION_UNIT_ENGLISH_SEADOG,
,PG-Boat,Rare,U-Boats have their Melee Strength increased from 65 to 70 and their Ranged Strength increased from 75 to 80,Upgrade,Germany,FALSE,,,
,Mustang Silly,Epic,P-51 Mustangs have their Melee Strength increased from 105 to 115 and their Ranged Strength increased from 105 to 115,Upgrade,America,FALSE,,,